[{"model": "sessions.session", "pk": "bi3gzy413g6xtshxycswwekoaorroh5e", "fields": {"session_data": ".eJxVjDsOwjAQBe_iGlnr9RdKes5grX84gGwpTirE3UmkFNDOzHtv5mldql9Hnv2U2IUJdvplgeIzt12kB7V757G3ZZ4C3xN-2MFvPeXX9Wj_DiqNuq3xbJ1zqqDJRGC1pVikQxABlDWotAQCwA2jNFQsRMyYpY5BaiUMsM8XtP02lA:1mTsak:VzgwgkTIHICto-0SAI8sHaa0Q066aqJ6WRRoh8lBm6k", "expire_date": "2021-10-08T21:18:46.804Z"}}, {"model": "parametros.tiposiva", "pk": 1, "fields": {"nombre": "21%", "iva": "21.00"}}, {"model": "parametros.tiposiva", "pk": 2, "fields": {"nombre": "10,5%", "iva": "10.50"}}, {"model": "parametros.condicionesiva", "pk": 1, "fields": {"nombre": "RESPONSABLE INSCRIPTO"}}, {"model": "parametros.condicionesiva", "pk": 2, "fields": {"nombre": "MONOTRIBUTO"}}, {"model": "parametros.condicionesiva", "pk": 3, "fields": {"nombre": "EXENTO"}}, {"model": "parametros.condicionesiva", "pk": 4, "fields": {"nombre": "CONSUMIDOR FINAL"}}, {"model": "parametros.tipospercepciones", "pk": 1, "fields": {"nombre": "0%", "percepcion": "0.00"}}, {"model": "parametros.tipospercepciones", "pk": 2, "fields": {"nombre": "3,31% IIBB", "percepcion": "3.31"}}, {"model": "parametros.condicionespago", "pk": 1, "fields": {"nombre": "CONTADO"}}, {"model": "parametros.condicionespago", "pk": 2, "fields": {"nombre": "CUENTA CORRIENTE"}}, {"model": "parametros.mediospago", "pk": 1, "fields": {"nombre": "EFECTIVO"}}, {"model": "parametros.mediospago", "pk": 2, "fields": {"nombre": "TARJETA DE DEBITO"}}, {"model": "parametros.mediospago", "pk": 3, "fields": {"nombre": "TARJETA DE CREDITO"}}, {"model": "parametros.mediospago", "pk": 4, "fields": {"nombre": "MERCADOPAGO"}}, {"model": "parametros.mediospago", "pk": 5, "fields": {"nombre": "TRANSFERENCIA"}}, {"model": "parametros.mediospago", "pk": 6, "fields": {"nombre": "CHEQUE"}}, {"model": "parametros.tiposcomprobantes", "pk": 1, "fields": {"nombre": "FACTURA"}}, {"model": "parametros.tiposcomprobantes", "pk": 2, "fields": {"nombre": "REMITO"}}, {"model": "parametros.tiposcomprobantes", "pk": 3, "fields": {"nombre": "COMPROBANTE"}}, {"model": "parametros.tiposcomprobantes", "pk": 4, "fields": {"nombre": "PRESUPUESTO"}}, {"model": "parametros.marcas", "pk": 1, "fields": {"nombre": "FORD"}}, {"model": "parametros.marcas", "pk": 2, "fields": {"nombre": "RENAULT"}}, {"model": "parametros.marcas", "pk": 3, "fields": {"nombre": "VOLKSWAGEN"}}, {"model": "parametros.marcas", "pk": 4, "fields": {"nombre": "PEUGEOT"}}, {"model": "parametros.marcas", "pk": 5, "fields": {"nombre": "FIAT"}}, {"model": "parametros.marcas", "pk": 6, "fields": {"nombre": "TOYOTA"}}, {"model": "parametros.marcas", "pk": 7, "fields": {"nombre": "CITROEN"}}, {"model": "parametros.marcas", "pk": 8, "fields": {"nombre": "JEEP"}}, {"model": "parametros.marcas", "pk": 9, "fields": {"nombre": "DODGE"}}, {"model": "parametros.modelos", "pk": 1, "fields": {"marca": 1, "nombre": "ROCAM 1.6", "descripcion": "FIESTA, ECOSPORT, KA"}}, {"model": "parametros.modelos", "pk": 2, "fields": {"marca": 1, "nombre": "ROCAM 1.0", "descripcion": "KA"}}, {"model": "parametros.modelos", "pk": 3, "fields": {"marca": 2, "nombre": "F8Q", "descripcion": "KANGOO, CLIO, MEGANE"}}, {"model": "parametros.modelos", "pk": 4, "fields": {"marca": 5, "nombre": "FIRE 1.4 8V", "descripcion": "PALIO, PUNTO, SIENA, UNO"}}, {"model": "parametros.estados", "pk": 1, "fields": {"nombre": "PENDIENTE"}}, {"model": "parametros.estados", "pk": 2, "fields": {"nombre": "EN PROCESO"}}, {"model": "parametros.estados", "pk": 3, "fields": {"nombre": "FINALIZADO"}}, {"model": "parametros.prioridades", "pk": 1, "fields": {"nombre": "URGENTE", "plazoPrioridad": 1}}, {"model": "parametros.prioridades", "pk": 2, "fields": {"nombre": "APURADO", "plazoPrioridad": 2}}, {"model": "parametros.prioridades", "pk": 3, "fields": {"nombre": "NORMAL", "plazoPrioridad": 3}}, {"model": "parametros.prioridades", "pk": 4, "fields": {"nombre": "SIN APURO", "plazoPrioridad": 7}}, {"model": "parametros.prioridades", "pk": 5, "fields": {"nombre": "RELAX", "plazoPrioridad": 15}}, {"model": "parametros.empresa", "pk": 1, "fields": {"razonSocial": "SUR EXPRESS", "condicionIVA": 1, "cuit": "20-16986234-7", "localidad": 1, "direccion": "AV. SANTA CATALINA 4294", "telefono": "03764434112", "email": "surexpress@hotmail.com.ar", "passwordEmail": null, "botTelegram": null, "tokenTelegram": null, "facebook": null, "instagram": null, "paginaWeb": null, "imagen": "empresas/2021/09/21/logo_9DL4u2Z.JPG", "cbu": null, "alias": null, "nroCuenta": null}}, {"model": "geografico.paises", "pk": 1, "fields": {"nombre": "ARGENTINA"}}, {"model": "geografico.paises", "pk": 2, "fields": {"nombre": "BRASIL"}}, {"model": "geografico.paises", "pk": 3, "fields": {"nombre": "PARAGUAY"}}, {"model": "geografico.provincias", "pk": 1, "fields": {"pais": 1, "nombre": "MISIONES"}}, {"model": "geografico.provincias", "pk": 2, "fields": {"pais": 1, "nombre": "CORRIENTES"}}, {"model": "geografico.provincias", "pk": 3, "fields": {"pais": 3, "nombre": "ITAPUA"}}, {"model": "geografico.localidades", "pk": 1, "fields": {"pais": 1, "provincia": 1, "nombre": "POSADAS", "codigo_postal": "3300"}}, {"model": "geografico.localidades", "pk": 2, "fields": {"pais": 1, "provincia": 1, "nombre": "GARUPA", "codigo_postal": "3304"}}, {"model": "geografico.localidades", "pk": 3, "fields": {"pais": 1, "provincia": 1, "nombre": "APOSTOLES", "codigo_postal": "3350"}}, {"model": "geografico.localidades", "pk": 4, "fields": {"pais": 1, "provincia": 2, "nombre": "ITUZAINGO", "codigo_postal": "3306"}}, {"model": "geografico.localidades", "pk": 5, "fields": {"pais": 1, "provincia": 2, "nombre": "VIRASORO", "codigo_postal": "3342"}}, {"model": "usuarios.tiposusuarios", "pk": 1, "fields": {"nombre": "GERENTE"}}, {"model": "usuarios.tiposusuarios", "pk": 2, "fields": {"nombre": "ADMINISTRATIVO"}}, {"model": "usuarios.tiposusuarios", "pk": 3, "fields": {"nombre": "VENDEDOR"}}, {"model": "usuarios.tiposusuarios", "pk": 4, "fields": {"nombre": "RECTIFICADOR"}}, {"model": "usuarios.usuarios", "pk": 1, "fields": {"password": "pbkdf2_sha256$260000$ktJRZUklFop2CSkZFklybr$bzNvZ1HI5/PSc3OCPMRbw9CUZ+LDhPq4zxC2SIKY5i0=", "last_login": "2021-09-24T21:18:46.796Z", "is_superuser": true, "username": "martin", "first_name": "", "last_name": "", "email": "martinlacheski@gmail.com", "is_staff": true, "is_active": true, "date_joined": "2021-09-21T14:38:43.691Z", "legajo": null, "fechaIngreso": null, "cuil": null, "localidad": null, "direccion": null, "telefono": null, "tipoUsuario": null, "imagen": "", "groups": [], "user_permissions": []}}, {"model": "usuarios.usuarios", "pk": 2, "fields": {"password": "pbkdf2_sha256$260000$dsx7DFVBg7sGvg2tpzDYLR$gM16KzO2BlowGQMQZytni/Uz/v42KZjFXa3+OQT51z0=", "last_login": null, "is_superuser": true, "username": "yanina", "first_name": "", "last_name": "", "email": "nanielen@gmail.com", "is_staff": true, "is_active": true, "date_joined": "2021-09-21T14:39:00.803Z", "legajo": null, "fechaIngreso": null, "cuil": null, "localidad": null, "direccion": null, "telefono": null, "tipoUsuario": null, "imagen": "", "groups": [], "user_permissions": []}}, {"model": "erp.clientes", "pk": 1, "fields": {"razonSocial": "PAREDES, YANINA BELEN", "condicionIVA": 4, "cuil": "27320360973", "localidad": 1, "direccion": "CALLE 58 Nº 6689", "telefono": "3764760155", "email": "nanielen@gmail.com", "cbu": null, "alias": null, "tipoPercepcion": 1, "condicionPago": 1, "limiteCtaCte": "0.00", "plazoCtaCte": 0}}, {"model": "erp.clientes", "pk": 2, "fields": {"razonSocial": "PAREDES, JUAN CARLOS", "condicionIVA": 4, "cuil": "20123456789", "localidad": 1, "direccion": "CALLE LAS GLICINAS 12345", "telefono": "3764580955", "email": null, "cbu": null, "alias": null, "tipoPercepcion": 1, "condicionPago": 1, "limiteCtaCte": "0.00", "plazoCtaCte": 0}}, {"model": "erp.clientes", "pk": 3, "fields": {"razonSocial": "LACHESKI, MARTIN ANIBAL", "condicionIVA": 2, "cuil": "20315728577", "localidad": 1, "direccion": "CALLE 58 Nº 6689", "telefono": "3764718021", "email": "martinlacheski@gmail.com", "cbu": null, "alias": null, "tipoPercepcion": 1, "condicionPago": 1, "limiteCtaCte": "0.00", "plazoCtaCte": 0}}, {"model": "erp.clientes", "pk": 4, "fields": {"razonSocial": "LACHESKI, ROGELIO ANIBAL", "condicionIVA": 1, "cuil": "20169862347", "localidad": 1, "direccion": "AV. SANTA CATALINA 4294", "telefono": "3764434112", "email": null, "cbu": null, "alias": null, "tipoPercepcion": 2, "condicionPago": 1, "limiteCtaCte": "0.00", "plazoCtaCte": 0}}, {"model": "erp.clientes", "pk": 5, "fields": {"razonSocial": "RODRIGUEZ, MARCELO FABIAN", "condicionIVA": 4, "cuil": "20242736681", "localidad": 1, "direccion": "CALLE 135 N2790", "telefono": "3764318328", "email": null, "cbu": null, "alias": null, "tipoPercepcion": 1, "condicionPago": 1, "limiteCtaCte": "0.00", "plazoCtaCte": 0}}, {"model": "erp.proveedores", "pk": 1, "fields": {"razonSocial": "ARCORE S.A.C.I.", "condicionIVA": 1, "cuit": "30543683546", "localidad": 1, "direccion": "AV. URUGUAY 3411", "telefono": "3764440350", "email": "posadas@arcore.com.ar", "cbu": null, "alias": null, "tipoPercepcion": 1, "condicionPago": 2, "plazoCtaCte": 10}}, {"model": "erp.proveedores", "pk": 2, "fields": {"razonSocial": "VALTER MOTOR", "condicionIVA": 1, "cuit": "30628395450", "localidad": 1, "direccion": "AV. URUGUAY 4565", "telefono": "3764596200", "email": "posadas@valtermotor.com.ar", "cbu": null, "alias": null, "tipoPercepcion": 1, "condicionPago": 2, "plazoCtaCte": 5}}, {"model": "erp.categorias", "pk": 1, "fields": {"nombre": "JUNTA MOTOR", "abreviatura": "JTA MOTOR"}}, {"model": "erp.categorias", "pk": 2, "fields": {"nombre": "GUIAS DE VALVULAS", "abreviatura": "GUIAS VAL"}}, {"model": "erp.categorias", "pk": 3, "fields": {"nombre": "VALVULAS", "abreviatura": "VAL"}}, {"model": "erp.categorias", "pk": 4, "fields": {"nombre": "RETENES", "abreviatura": "RET"}}, {"model": "erp.subcategorias", "pk": 1, "fields": {"categoria": 1, "nombre": "JUNTA CARTER", "abreviatura": "JTA CARTER"}}, {"model": "erp.subcategorias", "pk": 2, "fields": {"categoria": 1, "nombre": "JUNTA TAPA DE CILINDROS", "abreviatura": "JTA TAP CIL"}}, {"model": "erp.subcategorias", "pk": 3, "fields": {"categoria": 2, "nombre": "GUIAS DE VALVULAS BRONCE", "abreviatura": "GUIA VAL BRONCE"}}, {"model": "erp.subcategorias", "pk": 4, "fields": {"categoria": 2, "nombre": "GUIAS DE VALVULAS FUNDICION", "abreviatura": "GUIA VAL FUND"}}, {"model": "erp.subcategorias", "pk": 5, "fields": {"categoria": 3, "nombre": "VALVULAS DE ADMISION", "abreviatura": "VAL ADM"}}, {"model": "erp.subcategorias", "pk": 6, "fields": {"categoria": 3, "nombre": "VALVULAS DE ESCAPE", "abreviatura": "VAL ESC"}}, {"model": "erp.subcategorias", "pk": 7, "fields": {"categoria": 4, "nombre": "RETENES DE VALVULAS", "abreviatura": "RET VAL"}}, {"model": "erp.productos", "pk": 1, "fields": {"subcategoria": 3, "descripcion": "GUIAS DE VALVULAS FORD ROCAM 1.6", "abreviatura": "GUIA VAL ROCAM 1.6", "codigo": "123", "codigoProveedor": "123", "codigoBarras1": null, "codigoBarras2": null, "stockReal": 9, "stockMinimo": 0, "reposicion": 0, "costo": "375.00", "utilidad": "41.70", "iva": 1, "precioVenta": "642.96", "imagen": "", "ubicacion": null, "observaciones": null, "esInsumo": false}}, {"model": "erp.productos", "pk": 2, "fields": {"subcategoria": 2, "descripcion": "JUNTA TAPA DE CIL FORD ROCAM 1.6 CHAPA TARANTO", "abreviatura": "JTA TAP CIL ROCAM 1.6 CHAPA", "codigo": "234", "codigoProveedor": "234", "codigoBarras1": null, "codigoBarras2": null, "stockReal": 1, "stockMinimo": 0, "reposicion": 0, "costo": "6150.00", "utilidad": "37.70", "iva": 1, "precioVenta": "10246.95", "imagen": "", "ubicacion": null, "observaciones": null, "esInsumo": false}}, {"model": "erp.productos", "pk": 3, "fields": {"subcategoria": 7, "descripcion": "RETENES DE VALVULAS FORD ROCAM 1.6 TARANTO", "abreviatura": "RET VAL ROCAM 1.6 TARANTO", "codigo": "345", "codigoProveedor": "345", "codigoBarras1": null, "codigoBarras2": null, "stockReal": 8, "stockMinimo": 0, "reposicion": 0, "costo": "175.00", "utilidad": "37.70", "iva": 1, "precioVenta": "291.58", "imagen": "", "ubicacion": null, "observaciones": null, "esInsumo": false}}, {"model": "erp.productos", "pk": 4, "fields": {"subcategoria": 5, "descripcion": "VALVULAS ADMISION FORD ROCAM 1.6 MAHLE", "abreviatura": "VAL ADM ROCAM 1.6 MAHLE", "codigo": "456", "codigoProveedor": "456", "codigoBarras1": null, "codigoBarras2": null, "stockReal": 8, "stockMinimo": 0, "reposicion": 0, "costo": "1650.00", "utilidad": "37.74", "iva": 1, "precioVenta": "2749.98", "imagen": "", "ubicacion": null, "observaciones": null, "esInsumo": false}}, {"model": "erp.productos", "pk": 5, "fields": {"subcategoria": 6, "descripcion": "VALVULAS ESCAPE FORD ROCAM 1.6 MAHLE", "abreviatura": "VAL ESC ROCAM 1.6 MAHLE", "codigo": "567", "codigoProveedor": "567", "codigoBarras1": null, "codigoBarras2": null, "stockReal": 8, "stockMinimo": 0, "reposicion": 0, "costo": "1850.00", "utilidad": "37.82", "iva": 1, "precioVenta": "3085.10", "imagen": "", "ubicacion": null, "observaciones": null, "esInsumo": false}}, {"model": "erp.productos", "pk": 6, "fields": {"subcategoria": 1, "descripcion": "JUNTA CARTER FORD ROCAM 1.6 TARANTO", "abreviatura": "JTA CART ROCAM 1.6 TARANTO", "codigo": "678", "codigoProveedor": "678", "codigoBarras1": "678", "codigoBarras2": "678", "stockReal": 2, "stockMinimo": 0, "reposicion": 0, "costo": "1000.00", "utilidad": "36.36", "iva": 1, "precioVenta": "1649.96", "imagen": "", "ubicacion": null, "observaciones": null, "esInsumo": false}}, {"model": "erp.productos", "pk": 7, "fields": {"subcategoria": 1, "descripcion": "JUNTA CARTER FORD ROCAM 1.6 MAHLE", "abreviatura": "JTA CART ROCAM 1.6 MAHLE", "codigo": "789", "codigoProveedor": "789", "codigoBarras1": null, "codigoBarras2": null, "stockReal": 0, "stockMinimo": 0, "reposicion": 0, "costo": "1150.00", "utilidad": "40.50", "iva": 1, "precioVenta": "1955.06", "imagen": "", "ubicacion": null, "observaciones": null, "esInsumo": false}}, {"model": "erp.productos", "pk": 8, "fields": {"subcategoria": 5, "descripcion": "VALVULAS ADMISION FORD ROCAM 1.6 BBB", "abreviatura": "VAL ADM ROCAM 1.6 BBB", "codigo": "890", "codigoProveedor": "890", "codigoBarras1": null, "codigoBarras2": null, "stockReal": 0, "stockMinimo": 0, "reposicion": 0, "costo": "1500.00", "utilidad": "36.36", "iva": 1, "precioVenta": "2474.93", "imagen": "", "ubicacion": null, "observaciones": null, "esInsumo": false}}, {"model": "erp.productos", "pk": 9, "fields": {"subcategoria": 6, "descripcion": "VALVULAS ESCAPE FORD ROCAM 1.6 BBB", "abreviatura": "VAL ESC ROCAM 1.6 BBB", "codigo": "891", "codigoProveedor": "891", "codigoBarras1": null, "codigoBarras2": null, "stockReal": 0, "stockMinimo": 4, "reposicion": 4, "costo": "1650.00", "utilidad": "36.50", "iva": 1, "precioVenta": "2725.22", "imagen": "", "ubicacion": null, "observaciones": null, "esInsumo": false}}, {"model": "erp.productos", "pk": 10, "fields": {"subcategoria": 2, "descripcion": "JUNTA TAPA DE CIL FORD ROCAM 1.6 CHAPA MAHLE", "abreviatura": "JTA TAP CIL ROCAM 1.6 CH MAHLE", "codigo": "892", "codigoProveedor": "892", "codigoBarras1": null, "codigoBarras2": null, "stockReal": 0, "stockMinimo": 1, "reposicion": 1, "costo": "6250.00", "utilidad": "38.84", "iva": 1, "precioVenta": "10500.00", "imagen": "", "ubicacion": null, "observaciones": null, "esInsumo": false}}, {"model": "erp.productos", "pk": 11, "fields": {"subcategoria": 2, "descripcion": "JUNTA TAPA DE CIL FORD ROCAM 1.6 CHAPA CICARELLI", "abreviatura": "JTA TAP CIL ROCAM 1.6 CH CICA", "codigo": "893", "codigoProveedor": "893", "codigoBarras1": null, "codigoBarras2": null, "stockReal": 1, "stockMinimo": 1, "reposicion": 1, "costo": "6300.00", "utilidad": "39.71", "iva": 1, "precioVenta": "10650.00", "imagen": "", "ubicacion": null, "observaciones": null, "esInsumo": false}}, {"model": "erp.productos", "pk": 12, "fields": {"subcategoria": 2, "descripcion": "JUNTA TAPA DE CIL FORD ROCAM 1.6 CHAPA CHINA", "abreviatura": "JTA TAP CIL ROCAM 1.6", "codigo": "894", "codigoProveedor": "894", "codigoBarras1": null, "codigoBarras2": null, "stockReal": 1, "stockMinimo": 0, "reposicion": 0, "costo": "6000.00", "utilidad": "34.99", "iva": 1, "precioVenta": "9800.00", "imagen": "", "ubicacion": null, "observaciones": null, "esInsumo": false}}, {"model": "erp.productos", "pk": 13, "fields": {"subcategoria": 3, "descripcion": "PRODUCTO DE PRUEBA 1111", "abreviatura": "1", "codigo": "1111", "codigoProveedor": "1111", "codigoBarras1": null, "codigoBarras2": null, "stockReal": 0, "stockMinimo": 0, "reposicion": 0, "costo": "100.00", "utilidad": "40.00", "iva": 1, "precioVenta": "169.40", "imagen": "", "ubicacion": null, "observaciones": null, "esInsumo": false}}, {"model": "erp.servicios", "pk": 1, "fields": {"descripcion": "RECTIFICADO SUPERFICIE TAPA DE CILINDROS ALUM 4 CIL", "codigo": "01", "costo": "2500.00", "iva": 1, "precioVenta": "3025.00", "imagen": ""}}, {"model": "erp.servicios", "pk": 2, "fields": {"descripcion": "RECTIFICADO SUPERFICIE TAPA DE CILINDROS ALUM 5 CIL", "codigo": "02", "costo": "2750.00", "iva": 1, "precioVenta": "3327.50", "imagen": ""}}, {"model": "erp.servicios", "pk": 3, "fields": {"descripcion": "RECTIFICADO SUPERFICIE TAPA DE CILINDROS ALUM 6 CIL", "codigo": "03", "costo": "3000.00", "iva": 1, "precioVenta": "3630.00", "imagen": ""}}, {"model": "erp.servicios", "pk": 4, "fields": {"descripcion": "RECTIFICADO SUPERFICIE TAPA DE CILINDROS FUND 4 CIL", "codigo": "04", "costo": "3500.00", "iva": 1, "precioVenta": "4235.00", "imagen": ""}}, {"model": "erp.servicios", "pk": 5, "fields": {"descripcion": "RECTIFICADO SUPERFICIE TAPA DE CILINDROS FUND 5 CIL", "codigo": "05", "costo": "4000.00", "iva": 1, "precioVenta": "4840.00", "imagen": ""}}, {"model": "erp.servicios", "pk": 6, "fields": {"descripcion": "RECTIFICADO SUPERFICIE TAPA DE CILINDROS FUND 6 CIL", "codigo": "06", "costo": "4500.00", "iva": 1, "precioVenta": "5445.00", "imagen": ""}}, {"model": "erp.servicios", "pk": 7, "fields": {"descripcion": "CAMBIO DE GUIAS DE VALVULAS", "codigo": "07", "costo": "250.00", "iva": 1, "precioVenta": "302.50", "imagen": ""}}, {"model": "erp.servicios", "pk": 8, "fields": {"descripcion": "AJUSTE DE VASTAGO GUIAS DE VALVULAS", "codigo": "08", "costo": "250.00", "iva": 1, "precioVenta": "302.50", "imagen": ""}}, {"model": "erp.servicios", "pk": 9, "fields": {"descripcion": "RECTIFICADO DE VALVULAS", "codigo": "09", "costo": "350.00", "iva": 1, "precioVenta": "423.50", "imagen": ""}}, {"model": "erp.servicios", "pk": 10, "fields": {"descripcion": "ESMERILADO DE VALVULAS", "codigo": "10", "costo": "350.00", "iva": 1, "precioVenta": "423.50", "imagen": ""}}, {"model": "erp.servicios", "pk": 11, "fields": {"descripcion": "PRUEBA DE VACIO DE VALVULAS", "codigo": "11", "costo": "500.00", "iva": 1, "precioVenta": "605.00", "imagen": ""}}, {"model": "erp.servicios", "pk": 12, "fields": {"descripcion": "LIMPIEZA Y DESCARBONIZACION", "codigo": "20", "costo": "1000.00", "iva": 1, "precioVenta": "1210.00", "imagen": ""}}, {"model": "erp.servicios", "pk": 13, "fields": {"descripcion": "CAMBIO RETENES DE VALVULAS", "codigo": "21", "costo": "180.00", "iva": 1, "precioVenta": "217.80", "imagen": ""}}, {"model": "erp.servicios", "pk": 14, "fields": {"descripcion": "PRUEBA HIDRAULICA", "codigo": "22", "costo": "2500.00", "iva": 1, "precioVenta": "3025.00", "imagen": ""}}, {"model": "erp.servicios", "pk": 15, "fields": {"descripcion": "RECTIFICADO DE ASIENTOS DE VALVULAS", "codigo": "234", "costo": "500.00", "iva": 1, "precioVenta": "605.00", "imagen": ""}}, {"model": "erp.ventas", "pk": 1, "fields": {"usuario": 1, "fecha": "2021-09-21", "cliente": 3, "condicionVenta": 1, "medioPago": 1, "subtotal": "42174.94", "iva": "11211.06", "percepcion": "0.00", "total": "53386.00", "estadoVenta": true}}, {"model": "erp.ventas", "pk": 2, "fields": {"usuario": 1, "fecha": "2021-09-23", "cliente": 4, "condicionVenta": 1, "medioPago": 1, "subtotal": "8095.09", "iva": "2151.86", "percepcion": "267.95", "total": "10514.90", "estadoVenta": true}}, {"model": "erp.ventas", "pk": 3, "fields": {"usuario": 1, "fecha": "2021-09-24", "cliente": 3, "condicionVenta": 1, "medioPago": 1, "subtotal": "44403.29", "iva": "11803.41", "percepcion": "0.00", "total": "56206.70", "estadoVenta": true}}, {"model": "erp.detalleproductosventa", "pk": 1, "fields": {"venta": 1, "producto": 1, "precio": "600.00", "cantidad": 8, "subtotal": "4800.00"}}, {"model": "erp.detalleproductosventa", "pk": 2, "fields": {"venta": 1, "producto": 2, "precio": "10000.00", "cantidad": 1, "subtotal": "10000.00"}}, {"model": "erp.detalleproductosventa", "pk": 3, "fields": {"venta": 1, "producto": 3, "precio": "250.00", "cantidad": 8, "subtotal": "2000.00"}}, {"model": "erp.detalleproductosventa", "pk": 4, "fields": {"venta": 1, "producto": 4, "precio": "2500.00", "cantidad": 4, "subtotal": "10000.00"}}, {"model": "erp.detalleproductosventa", "pk": 5, "fields": {"venta": 1, "producto": 5, "precio": "2835.00", "cantidad": 4, "subtotal": "11340.00"}}, {"model": "erp.detalleproductosventa", "pk": 6, "fields": {"venta": 2, "producto": 2, "precio": "10246.95", "cantidad": 1, "subtotal": "10246.95"}}, {"model": "erp.detalleproductosventa", "pk": 7, "fields": {"venta": 3, "producto": 7, "precio": "1955.06", "cantidad": 1, "subtotal": "1955.06"}}, {"model": "erp.detalleproductosventa", "pk": 8, "fields": {"venta": 3, "producto": 10, "precio": "10500.00", "cantidad": 1, "subtotal": "10500.00"}}, {"model": "erp.detalleproductosventa", "pk": 9, "fields": {"venta": 3, "producto": 3, "precio": "291.58", "cantidad": 8, "subtotal": "2332.64"}}, {"model": "erp.detalleproductosventa", "pk": 10, "fields": {"venta": 3, "producto": 8, "precio": "2474.93", "cantidad": 4, "subtotal": "9899.72"}}, {"model": "erp.detalleproductosventa", "pk": 11, "fields": {"venta": 3, "producto": 9, "precio": "2725.22", "cantidad": 4, "subtotal": "10900.88"}}, {"model": "erp.detalleserviciosventa", "pk": 1, "fields": {"venta": 1, "servicio": 1, "precio": "3025.00", "cantidad": 1, "subtotal": "3025.00"}}, {"model": "erp.detalleserviciosventa", "pk": 2, "fields": {"venta": 1, "servicio": 7, "precio": "302.50", "cantidad": 8, "subtotal": "2420.00"}}, {"model": "erp.detalleserviciosventa", "pk": 3, "fields": {"venta": 1, "servicio": 8, "precio": "302.50", "cantidad": 8, "subtotal": "2420.00"}}, {"model": "erp.detalleserviciosventa", "pk": 4, "fields": {"venta": 1, "servicio": 9, "precio": "423.50", "cantidad": 8, "subtotal": "3388.00"}}, {"model": "erp.detalleserviciosventa", "pk": 5, "fields": {"venta": 1, "servicio": 10, "precio": "423.50", "cantidad": 8, "subtotal": "3388.00"}}, {"model": "erp.detalleserviciosventa", "pk": 6, "fields": {"venta": 1, "servicio": 11, "precio": "605.00", "cantidad": 1, "subtotal": "605.00"}}, {"model": "erp.detalleserviciosventa", "pk": 7, "fields": {"venta": 3, "servicio": 8, "precio": "302.50", "cantidad": 8, "subtotal": "2420.00"}}, {"model": "erp.detalleserviciosventa", "pk": 8, "fields": {"venta": 3, "servicio": 7, "precio": "302.50", "cantidad": 8, "subtotal": "2420.00"}}, {"model": "erp.detalleserviciosventa", "pk": 9, "fields": {"venta": 3, "servicio": 13, "precio": "217.80", "cantidad": 8, "subtotal": "1742.40"}}, {"model": "erp.detalleserviciosventa", "pk": 10, "fields": {"venta": 3, "servicio": 10, "precio": "423.50", "cantidad": 8, "subtotal": "3388.00"}}, {"model": "erp.detalleserviciosventa", "pk": 11, "fields": {"venta": 3, "servicio": 12, "precio": "1210.00", "cantidad": 1, "subtotal": "1210.00"}}, {"model": "erp.detalleserviciosventa", "pk": 12, "fields": {"venta": 3, "servicio": 14, "precio": "3025.00", "cantidad": 1, "subtotal": "3025.00"}}, {"model": "erp.detalleserviciosventa", "pk": 13, "fields": {"venta": 3, "servicio": 1, "precio": "3025.00", "cantidad": 1, "subtotal": "3025.00"}}, {"model": "erp.detalleserviciosventa", "pk": 14, "fields": {"venta": 3, "servicio": 9, "precio": "423.50", "cantidad": 8, "subtotal": "3388.00"}}, {"model": "erp.compras", "pk": 1, "fields": {"usuario": 1, "fecha": "2021-09-21", "proveedor": 2, "condicionPagoCompra": 1, "tipoComprobante": 1, "nroComprobante": "123", "subtotal": "38789.00", "iva": "10311.00", "percepcion": "0.00", "total": "49100.00", "estadoCompra": true}}, {"model": "erp.compras", "pk": 2, "fields": {"usuario": 1, "fecha": "2021-09-21", "proveedor": 1, "condicionPagoCompra": 1, "tipoComprobante": 1, "nroComprobante": "123", "subtotal": "6438.50", "iva": "1711.50", "percepcion": "0.00", "total": "8150.00", "estadoCompra": true}}, {"model": "erp.detalleproductoscompra", "pk": 1, "fields": {"compra": 1, "producto": 1, "costo": "375.00", "cantidad": 16, "subtotal": "6000.00"}}, {"model": "erp.detalleproductoscompra", "pk": 2, "fields": {"compra": 1, "producto": 2, "costo": "6150.00", "cantidad": 2, "subtotal": "12300.00"}}, {"model": "erp.detalleproductoscompra", "pk": 3, "fields": {"compra": 1, "producto": 3, "costo": "175.00", "cantidad": 16, "subtotal": "2800.00"}}, {"model": "erp.detalleproductoscompra", "pk": 4, "fields": {"compra": 1, "producto": 4, "costo": "1650.00", "cantidad": 8, "subtotal": "13200.00"}}, {"model": "erp.detalleproductoscompra", "pk": 5, "fields": {"compra": 1, "producto": 5, "costo": "1850.00", "cantidad": 8, "subtotal": "14800.00"}}, {"model": "erp.detalleproductoscompra", "pk": 8, "fields": {"compra": 2, "producto": 6, "costo": "1000.00", "cantidad": 1, "subtotal": "1000.00"}}, {"model": "erp.detalleproductoscompra", "pk": 9, "fields": {"compra": 2, "producto": 7, "costo": "1150.00", "cantidad": 1, "subtotal": "1150.00"}}, {"model": "erp.detalleproductoscompra", "pk": 10, "fields": {"compra": 2, "producto": 8, "costo": "1500.00", "cantidad": 4, "subtotal": "6000.00"}}, {"model": "presupuestos.plantillapresupuestos", "pk": 1, "fields": {"modelo": 1, "descripcion": "TAPA COMPLETA", "estado": true}}, {"model": "presupuestos.plantillapresupuestos", "pk": 2, "fields": {"modelo": 1, "descripcion": "MINIMO", "estado": true}}, {"model": "presupuestos.detalleproductosplantillapresupuesto", "pk": 24, "fields": {"presupuestoPlantilla": 2, "producto": 2, "cantidad": 1}}, {"model": "presupuestos.detalleproductosplantillapresupuesto", "pk": 25, "fields": {"presupuestoPlantilla": 2, "producto": 3, "cantidad": 8}}, {"model": "presupuestos.detalleproductosplantillapresupuesto", "pk": 26, "fields": {"presupuestoPlantilla": 1, "producto": 7, "cantidad": 1}}, {"model": "presupuestos.detalleproductosplantillapresupuesto", "pk": 27, "fields": {"presupuestoPlantilla": 1, "producto": 6, "cantidad": 1}}, {"model": "presupuestos.detalleproductosplantillapresupuesto", "pk": 28, "fields": {"presupuestoPlantilla": 1, "producto": 12, "cantidad": 1}}, {"model": "presupuestos.detalleproductosplantillapresupuesto", "pk": 29, "fields": {"presupuestoPlantilla": 1, "producto": 11, "cantidad": 1}}, {"model": "presupuestos.detalleproductosplantillapresupuesto", "pk": 30, "fields": {"presupuestoPlantilla": 1, "producto": 10, "cantidad": 1}}, {"model": "presupuestos.detalleproductosplantillapresupuesto", "pk": 31, "fields": {"presupuestoPlantilla": 1, "producto": 2, "cantidad": 1}}, {"model": "presupuestos.detalleproductosplantillapresupuesto", "pk": 32, "fields": {"presupuestoPlantilla": 1, "producto": 3, "cantidad": 8}}, {"model": "presupuestos.detalleproductosplantillapresupuesto", "pk": 33, "fields": {"presupuestoPlantilla": 1, "producto": 1, "cantidad": 8}}, {"model": "presupuestos.detalleproductosplantillapresupuesto", "pk": 34, "fields": {"presupuestoPlantilla": 1, "producto": 8, "cantidad": 4}}, {"model": "presupuestos.detalleproductosplantillapresupuesto", "pk": 35, "fields": {"presupuestoPlantilla": 1, "producto": 4, "cantidad": 4}}, {"model": "presupuestos.detalleproductosplantillapresupuesto", "pk": 36, "fields": {"presupuestoPlantilla": 1, "producto": 9, "cantidad": 4}}, {"model": "presupuestos.detalleproductosplantillapresupuesto", "pk": 37, "fields": {"presupuestoPlantilla": 1, "producto": 5, "cantidad": 4}}, {"model": "presupuestos.detalleserviciosplantillapresupuesto", "pk": 34, "fields": {"presupuestoPlantilla": 2, "servicio": 1, "cantidad": 1}}, {"model": "presupuestos.detalleserviciosplantillapresupuesto", "pk": 35, "fields": {"presupuestoPlantilla": 2, "servicio": 13, "cantidad": 8}}, {"model": "presupuestos.detalleserviciosplantillapresupuesto", "pk": 36, "fields": {"presupuestoPlantilla": 2, "servicio": 12, "cantidad": 1}}, {"model": "presupuestos.detalleserviciosplantillapresupuesto", "pk": 37, "fields": {"presupuestoPlantilla": 1, "servicio": 1, "cantidad": 1}}, {"model": "presupuestos.detalleserviciosplantillapresupuesto", "pk": 38, "fields": {"presupuestoPlantilla": 1, "servicio": 12, "cantidad": 1}}, {"model": "presupuestos.detalleserviciosplantillapresupuesto", "pk": 39, "fields": {"presupuestoPlantilla": 1, "servicio": 9, "cantidad": 8}}, {"model": "presupuestos.detalleserviciosplantillapresupuesto", "pk": 40, "fields": {"presupuestoPlantilla": 1, "servicio": 10, "cantidad": 8}}, {"model": "presupuestos.detalleserviciosplantillapresupuesto", "pk": 41, "fields": {"presupuestoPlantilla": 1, "servicio": 7, "cantidad": 8}}, {"model": "presupuestos.detalleserviciosplantillapresupuesto", "pk": 42, "fields": {"presupuestoPlantilla": 1, "servicio": 13, "cantidad": 8}}, {"model": "presupuestos.detalleserviciosplantillapresupuesto", "pk": 43, "fields": {"presupuestoPlantilla": 1, "servicio": 8, "cantidad": 8}}, {"model": "presupuestos.detalleserviciosplantillapresupuesto", "pk": 44, "fields": {"presupuestoPlantilla": 1, "servicio": 11, "cantidad": 1}}, {"model": "presupuestos.presupuestos", "pk": 1, "fields": {"usuario": 1, "fecha": "2021-09-23", "validez": 1, "cliente": 4, "modelo": 1, "subtotal": "43303.72", "iva": "11511.11", "percepcion": "1433.35", "total": "56248.18", "estado": false, "observaciones": "TAPA COMPLETA"}}, {"model": "presupuestos.presupuestos", "pk": 2, "fields": {"usuario": 1, "fecha": "2021-09-24", "validez": 1, "cliente": 2, "modelo": 1, "subtotal": "17368.18", "iva": "4616.86", "percepcion": "0.00", "total": "21985.04", "estado": false, "observaciones": ""}}, {"model": "presupuestos.detalleproductospresupuesto", "pk": 7, "fields": {"presupuesto": 1, "producto": 1, "precio": "642.96", "cantidad": 8, "subtotal": "5143.68"}}, {"model": "presupuestos.detalleproductospresupuesto", "pk": 8, "fields": {"presupuesto": 1, "producto": 6, "precio": "1649.96", "cantidad": 1, "subtotal": "1649.96"}}, {"model": "presupuestos.detalleproductospresupuesto", "pk": 9, "fields": {"presupuesto": 1, "producto": 2, "precio": "10246.95", "cantidad": 1, "subtotal": "10246.95"}}, {"model": "presupuestos.detalleproductospresupuesto", "pk": 10, "fields": {"presupuesto": 1, "producto": 3, "precio": "291.58", "cantidad": 8, "subtotal": "2332.64"}}, {"model": "presupuestos.detalleproductospresupuesto", "pk": 11, "fields": {"presupuesto": 1, "producto": 8, "precio": "2474.93", "cantidad": 4, "subtotal": "9899.72"}}, {"model": "presupuestos.detalleproductospresupuesto", "pk": 12, "fields": {"presupuesto": 1, "producto": 9, "precio": "2725.22", "cantidad": 4, "subtotal": "10900.88"}}, {"model": "presupuestos.detalleproductospresupuesto", "pk": 17, "fields": {"presupuesto": 2, "producto": 3, "precio": "291.58", "cantidad": 8, "subtotal": "2332.64"}}, {"model": "presupuestos.detalleproductospresupuesto", "pk": 18, "fields": {"presupuesto": 2, "producto": 11, "precio": "10650.00", "cantidad": 1, "subtotal": "10650.00"}}, {"model": "presupuestos.detalleserviciospresupuesto", "pk": 7, "fields": {"presupuesto": 1, "servicio": 1, "precio": "3025.00", "cantidad": 1, "subtotal": "3025.00"}}, {"model": "presupuestos.detalleserviciospresupuesto", "pk": 8, "fields": {"presupuesto": 1, "servicio": 7, "precio": "302.50", "cantidad": 8, "subtotal": "2420.00"}}, {"model": "presupuestos.detalleserviciospresupuesto", "pk": 9, "fields": {"presupuesto": 1, "servicio": 8, "precio": "302.50", "cantidad": 8, "subtotal": "2420.00"}}, {"model": "presupuestos.detalleserviciospresupuesto", "pk": 10, "fields": {"presupuesto": 1, "servicio": 9, "precio": "423.50", "cantidad": 8, "subtotal": "3388.00"}}, {"model": "presupuestos.detalleserviciospresupuesto", "pk": 11, "fields": {"presupuesto": 1, "servicio": 10, "precio": "423.50", "cantidad": 8, "subtotal": "3388.00"}}, {"model": "presupuestos.detalleserviciospresupuesto", "pk": 18, "fields": {"presupuesto": 2, "servicio": 1, "precio": "3025.00", "cantidad": 1, "subtotal": "3025.00"}}, {"model": "presupuestos.detalleserviciospresupuesto", "pk": 19, "fields": {"presupuesto": 2, "servicio": 13, "precio": "217.80", "cantidad": 8, "subtotal": "1742.40"}}, {"model": "presupuestos.detalleserviciospresupuesto", "pk": 20, "fields": {"presupuesto": 2, "servicio": 12, "precio": "1210.00", "cantidad": 1, "subtotal": "1210.00"}}, {"model": "presupuestos.detalleserviciospresupuesto", "pk": 21, "fields": {"presupuesto": 2, "servicio": 14, "precio": "3025.00", "cantidad": 1, "subtotal": "3025.00"}}]